input,unit1,unit2,unit3,output
00000001,0.0339746155360056,0.0204873800338141,0.9428414922135252,00000001
00000010,0.0424820214594928,0.0113435650499082,0.0301064167144392,00000010
00000100,0.9806336188122996,0.9906256439513812,0.9879913540276124,00000100
00001000,0.0294967314411209,0.8587325759371922,0.0122523434296322,00001000
00010000,0.9673490655336444,0.0251480974758075,0.0292677114457273,00010000
00100000,0.9702540393229272,0.9684636700133218,0.0101685888961008,00100000
01000000,0.976647155795082,0.0129031254171223,0.9765890262607112,01000000
10000000,0.0073588559538854,0.9576982982040187,0.9255527328621522,10000000
