input,HiddenUnit1Encoding,HiddenUnit2Encoding,HiddenUnit3Encoding,output
00000001,0.007117306743591095,0.9823567705796855,0.9875038408687283,00000001
00000010,0.23822930015491953,0.9944789793824258,0.2582089633037923,00000010
00000100,0.2525340624466085,0.24154580739619697,0.9924133700931297,00000100
00001000,0.18719412676147887,0.1853490584168207,0.18714111566897257,00001000
00010000,0.9858897344829977,0.0075084421205519215,0.9848915847142563,00010000
00100000,0.9774542992236703,0.9809842366382839,0.006137801844191865,001000000
01000000,0.9942910588801116,0.24948690212240468,0.251222352520707,01000000
10000000,0.1853279829893202,0.18704239741063672,0.18733587533912124,10000000
